{"cameraMode":{"drawMode":0,"name":"Shaded","section":"Shading Mode"},"sceneLighting":true,"audioPlay":false,"sceneViewState":{"m_AlwaysRefresh":false,"showFog":true,"showSkybox":true,"showFlares":true,"showImageEffects":true,"showParticleSystems":true,"showVisualEffectGraphs":true,"m_FxEnabled":true},"in2DMode":false,"pivot":{"x":0.02876567840576172,"y":7.899999618530273,"z":-10.50922966003418},"rotation":{"x":-0.2031155824661255,"y":-0.10785409063100815,"z":0.022516349330544473,"w":-0.9729371666908264},"size":13.80788516998291,"orthographic":false}